seed,generation,best_fitness,mean_fitness
0,0,-133.0293,-35714420.6726
0,1,-132.4458,-134.5895
0,2,-132.4458,-134.1004
0,3,-132.4100,-134.1190
0,4,-132.3450,-134.0397
0,5,-132.3450,-133.8293
0,6,-132.3450,-133.6248
0,7,-132.3450,-133.3936
0,8,-132.3450,-133.3528
0,9,-132.3450,-133.4025
0,10,-132.3450,-133.0515
0,11,-132.2703,-133.5344
0,12,-132.2703,-133.3184
0,13,-132.2703,-133.3690
0,14,-132.2703,-133.5229
0,15,-132.2165,-133.1985
0,16,-132.2165,-133.4120
0,17,-132.2153,-133.4471
0,18,-132.2153,-132.8842
0,19,-132.2153,-133.3196
0,20,-132.2153,-133.1690
0,21,-132.2153,-133.5865
0,22,-132.2153,-133.4789
0,23,-132.2153,-132.9842
0,24,-132.2153,-133.2800
0,25,-132.2153,-133.0652
0,26,-132.2153,-133.4359
0,27,-132.2153,-133.7584
0,28,-132.2153,-133.0726
0,29,-132.2076,-133.1125
0,30,-132.2076,-133.4910
0,31,-132.1599,-133.3629
0,32,-132.1599,-133.4409
0,33,-132.1599,-133.7115
0,34,-132.1599,-133.3392
0,35,-132.1599,-133.6119
0,36,-132.1599,-133.2080
0,37,-132.1535,-133.3630
0,38,-132.1156,-133.4950
0,39,-132.1156,-133.2404
0,40,-132.1156,-133.3991
0,41,-132.1156,-133.2733
0,42,-132.1156,-133.2655
0,43,-132.1156,-132.9466
0,44,-132.1156,-133.2071
0,45,-132.1156,-133.1392
0,46,-132.1156,-133.3057
0,47,-132.1134,-133.2723
0,48,-132.1134,-132.9178
0,49,-132.1134,-133.2767
0,50,-132.1134,-133.2979
0,51,-132.0775,-133.1906
0,52,-132.0775,-133.5081
0,53,-132.0775,-132.9048
0,54,-132.0775,-133.1539
0,55,-132.0775,-133.6601
0,56,-132.0775,-133.2676
0,57,-132.0775,-133.0956
0,58,-132.0775,-132.6728
0,59,-132.0775,-132.9727
0,60,-132.0775,-133.0706
0,61,-132.0775,-133.9877
0,62,-132.0739,-133.3834
0,63,-132.0739,-133.0701
0,64,-132.0739,-133.4440
0,65,-132.0739,-132.9112
0,66,-132.0739,-133.4335
0,67,-132.0739,-133.4259
0,68,-132.0739,-133.3159
0,69,-132.0739,-133.0594
0,70,-132.0739,-133.4492
0,71,-132.0739,-133.3398
0,72,-132.0739,-133.0647
0,73,-132.0739,-133.0092
0,74,-132.0739,-133.1663
0,75,-132.0739,-133.5589
0,76,-132.0739,-132.6540
0,77,-132.0703,-133.1490
0,78,-132.0703,-132.8358
0,79,-132.0703,-133.3099
0,80,-132.0703,-133.2617
0,81,-132.0703,-133.2849
0,82,-132.0703,-133.2332
0,83,-132.0703,-133.0717
0,84,-132.0703,-132.7501
0,85,-132.0703,-133.3613
0,86,-132.0678,-133.2441
0,87,-132.0678,-133.2051
0,88,-132.0651,-133.2853
0,89,-132.0651,-133.0321
0,90,-132.0651,-132.9074
0,91,-132.0651,-133.0627
0,92,-132.0651,-133.2233
0,93,-132.0651,-133.1437
0,94,-132.0651,-133.0857
0,95,-132.0651,-133.1471
0,96,-132.0651,-132.9502
0,97,-132.0651,-132.8786
0,98,-132.0651,-133.0789
0,99,-132.0651,-133.2679
0,100,-132.0651,-133.0512
0,101,-132.0651,-133.2758
0,102,-132.0590,-133.1188
0,103,-132.0590,-133.0305
0,104,-132.0590,-133.1412
0,105,-132.0590,-133.2852
0,106,-132.0590,-133.3923
0,107,-132.0590,-133.3023
0,108,-132.0590,-133.2325
0,109,-132.0590,-133.0458
0,110,-132.0590,-133.3916
0,111,-132.0590,-133.3665
0,112,-132.0590,-132.7658
0,113,-132.0590,-133.2509
0,114,-132.0590,-133.4422
0,115,-132.0590,-133.2319
0,116,-132.0590,-133.3508
0,117,-132.0580,-132.9890
0,118,-132.0580,-133.3320
0,119,-132.0580,-133.1779
0,120,-132.0580,-133.3371
0,121,-132.0580,-132.9798
0,122,-132.0580,-133.3257
0,123,-132.0580,-133.1810
0,124,-132.0580,-133.2682
0,125,-132.0014,-133.0020
0,126,-132.0014,-133.3309
0,127,-132.0014,-133.2530
0,128,-132.0014,-132.7322
0,129,-132.0014,-132.9162
0,130,-132.0014,-132.9806
0,131,-132.0014,-133.1382
0,132,-132.0014,-132.8636
0,133,-132.0014,-133.0744
0,134,-132.0014,-132.9887
0,135,-132.0014,-132.9884
0,136,-132.0014,-133.0610
0,137,-132.0014,-132.9267
0,138,-132.0014,-133.3074
0,139,-132.0014,-133.1866
0,140,-132.0014,-132.9875
0,141,-132.0014,-133.5081
0,142,-132.0014,-133.2884
0,143,-132.0014,-133.2799
0,144,-132.0014,-133.2610
0,145,-132.0014,-133.5002
0,146,-132.0014,-133.1573
0,147,-132.0014,-133.1803
0,148,-132.0014,-133.0694
0,149,-132.0014,-133.5119
0,150,-132.0014,-133.2922
0,151,-132.0014,-133.1204
0,152,-132.0014,-133.1717
0,153,-132.0014,-133.0173
0,154,-132.0014,-133.5090
0,155,-132.0014,-133.0315
0,156,-132.0014,-133.0324
0,157,-132.0014,-133.2838
0,158,-132.0014,-133.3598
0,159,-132.0014,-133.1977
0,160,-132.0014,-133.1872
0,161,-132.0014,-132.9999
0,162,-132.0001,-133.2992
0,163,-131.9988,-132.9944
0,164,-131.9988,-133.0217
0,165,-131.9988,-133.1689
0,166,-131.9988,-133.2774
0,167,-131.9988,-132.9964
0,168,-131.9988,-133.1218
0,169,-131.9988,-132.9334
0,170,-131.9988,-133.4163
0,171,-131.9988,-133.2064
0,172,-131.9988,-133.0199
0,173,-131.9988,-132.8180
0,174,-131.9988,-133.0906
0,175,-131.9988,-132.7169
0,176,-131.9988,-133.1469
0,177,-131.9988,-132.7341
0,178,-131.9988,-132.9307
0,179,-131.9988,-133.4079
0,180,-131.9988,-132.7049
0,181,-131.9988,-133.3504
0,182,-131.9988,-133.2900
0,183,-131.9988,-133.0306
0,184,-131.9988,-133.2849
0,185,-131.9988,-133.2714
0,186,-131.9988,-132.6191
0,187,-131.9988,-132.9951
0,188,-131.9988,-132.9921
0,189,-131.9988,-133.1197
0,190,-131.9988,-132.7595
0,191,-131.9988,-133.1251
0,192,-131.9988,-133.4096
0,193,-131.9988,-132.9107
0,194,-131.9988,-132.9715
0,195,-131.9988,-132.8912
0,196,-131.9988,-133.2132
0,197,-131.9988,-133.3654
0,198,-131.9988,-133.0779
0,199,-131.9988,-133.0134
0,200,-131.9988,-133.3486
0,201,-131.9988,-133.1781
0,202,-131.9988,-132.9383
0,203,-131.9988,-132.7713
0,204,-131.9988,-133.2479
0,205,-131.9829,-133.2947
0,206,-131.9829,-132.7701
0,207,-131.9829,-133.3689
0,208,-131.9829,-133.0022
0,209,-131.9829,-133.1706
0,210,-131.9829,-133.2749
0,211,-131.9829,-133.1303
0,212,-131.9829,-133.3641
0,213,-131.9829,-132.8660
0,214,-131.9829,-132.9859
0,215,-131.9829,-133.0728
0,216,-131.9829,-132.7420
0,217,-131.9829,-132.8044
0,218,-131.9829,-133.1060
0,219,-131.9829,-133.0697
1,0,-133.4744,-140.6716
1,1,-132.6303,-134.6167
1,2,-132.4223,-133.8612
1,3,-132.4223,-133.8599
1,4,-132.4223,-134.1680
1,5,-132.4223,-133.6930
1,6,-132.2879,-133.2794
1,7,-132.2879,-133.0402
1,8,-132.2879,-133.2780
1,9,-132.2879,-133.7466
1,10,-132.2737,-133.3989
1,11,-132.1927,-133.6823
1,12,-132.1927,-133.5468
1,13,-132.1927,-133.4460
1,14,-132.1927,-133.4235
1,15,-132.1927,-133.4785
1,16,-132.1492,-133.0385
1,17,-132.1492,-133.4181
1,18,-132.1492,-133.1744
1,19,-132.1492,-133.3024
1,20,-132.1492,-133.2859
1,21,-132.1492,-133.3817
1,22,-132.1492,-132.7119
1,23,-132.1492,-132.9347
1,24,-132.1492,-133.4422
1,25,-132.1492,-133.1843
1,26,-132.1492,-133.4769
1,27,-132.1492,-133.1736
1,28,-132.1407,-132.8192
1,29,-132.1407,-133.3288
1,30,-132.1407,-133.4920
1,31,-132.1407,-133.5334
1,32,-132.1407,-133.3250
1,33,-132.1367,-133.2979
1,34,-132.1367,-132.8982
1,35,-132.1367,-132.9621
1,36,-132.1367,-133.1290
1,37,-132.1252,-133.1943
1,38,-132.1252,-133.4761
1,39,-132.1252,-133.2114
1,40,-132.1252,-133.2950
1,41,-132.0431,-132.9809
1,42,-132.0431,-133.0084
1,43,-132.0431,-132.9392
1,44,-132.0431,-133.1024
1,45,-132.0431,-132.9749
1,46,-132.0431,-133.1990
1,47,-132.0431,-132.9065
1,48,-132.0431,-133.2944
1,49,-132.0431,-133.3731
1,50,-132.0431,-133.3089
1,51,-132.0431,-132.9685
1,52,-132.0431,-133.3926
1,53,-132.0431,-132.9715
1,54,-132.0431,-133.1186
1,55,-132.0431,-133.1463
1,56,-132.0431,-133.0908
1,57,-132.0271,-132.9636
1,58,-132.0271,-133.2778
1,59,-132.0271,-132.8883
1,60,-132.0271,-133.1263
1,61,-132.0271,-133.0352
1,62,-132.0271,-132.9410
1,63,-132.0271,-133.2017
1,64,-132.0271,-133.3492
1,65,-132.0271,-133.1283
1,66,-132.0271,-133.0141
1,67,-132.0271,-133.0978
1,68,-132.0271,-132.6811
1,69,-132.0259,-133.6362
1,70,-132.0259,-133.1942
1,71,-132.0259,-133.4434
1,72,-132.0259,-133.0227
1,73,-132.0259,-133.3439
1,74,-132.0259,-132.7074
1,75,-132.0259,-132.9609
1,76,-132.0259,-133.0420
1,77,-132.0259,-133.1274
1,78,-132.0259,-133.2076
1,79,-132.0259,-133.0935
1,80,-132.0259,-132.6934
1,81,-132.0259,-133.3248
1,82,-132.0259,-133.0291
1,83,-132.0259,-133.2558
1,84,-132.0259,-133.1134
1,85,-132.0259,-133.0176
1,86,-132.0259,-133.1855
1,87,-132.0259,-132.9224
1,88,-132.0259,-133.1187
1,89,-132.0259,-133.4533
1,90,-132.0259,-133.1921
1,91,-132.0259,-133.2578
1,92,-132.0259,-133.0407
1,93,-131.9904,-132.7853
1,94,-131.9904,-132.7580
1,95,-131.9904,-132.7197
1,96,-131.9356,-132.8750
1,97,-131.9356,-132.8988
1,98,-131.9356,-132.4176
1,99,-131.9356,-133.4144
1,100,-131.9356,-133.1737
1,101,-131.9356,-132.9797
1,102,-131.9356,-132.9937
1,103,-131.9356,-132.9465
1,104,-131.9356,-132.9648
1,105,-131.9356,-132.8484
1,106,-131.9356,-133.3537
1,107,-131.9356,-133.2293
1,108,-131.9356,-133.1148
1,109,-131.9356,-133.4802
1,110,-131.9356,-133.2675
1,111,-131.9356,-133.4930
1,112,-131.9356,-133.0134
1,113,-131.9356,-133.2578
1,114,-131.9356,-132.8989
1,115,-131.9356,-133.2126
1,116,-131.9356,-132.7379
1,117,-131.9356,-133.1056
1,118,-131.9356,-132.7682
1,119,-131.9356,-132.8420
1,120,-131.9356,-133.0904
1,121,-131.9356,-132.6509
1,122,-131.9356,-133.0798
1,123,-131.9356,-132.9297
1,124,-131.9356,-132.7982
1,125,-131.9356,-132.7988
1,126,-131.9356,-133.1778
1,127,-131.9356,-133.0895
1,128,-131.9356,-132.8584
1,129,-131.9356,-132.9027
1,130,-131.9356,-133.0498
1,131,-131.9356,-133.2453
1,132,-131.9356,-132.9849
1,133,-131.9356,-133.4812
1,134,-131.9356,-132.8724
1,135,-131.9356,-133.1974
1,136,-131.9356,-132.9304
1,137,-131.9356,-133.1439
1,138,-131.9356,-133.0523
1,139,-131.9356,-133.1702
1,140,-131.9356,-133.2629
1,141,-131.9356,-133.1284
1,142,-131.9356,-133.0757
1,143,-131.9356,-133.1232
1,144,-131.9356,-132.6873
1,145,-131.9356,-133.0045
1,146,-131.9356,-133.6003
1,147,-131.9356,-132.9772
1,148,-131.9356,-132.9399
1,149,-131.9356,-133.1103
1,150,-131.9356,-133.2341
1,151,-131.9356,-133.1964
1,152,-131.9356,-133.1450
1,153,-131.9356,-133.0568
1,154,-131.9356,-133.1949
1,155,-131.9356,-133.0183
1,156,-131.9356,-133.0303
1,157,-131.9356,-133.2294
1,158,-131.9356,-133.4163
1,159,-131.9356,-133.4567
1,160,-131.9356,-133.1019
1,161,-131.9356,-133.0237
1,162,-131.9356,-132.9639
1,163,-131.9356,-133.4463
1,164,-131.9356,-133.1646
1,165,-131.9356,-133.1953
1,166,-131.9356,-133.0336
1,167,-131.9356,-133.2702
1,168,-131.9356,-133.6974
1,169,-131.9356,-133.0489
1,170,-131.9356,-132.9419
1,171,-131.9356,-133.0056
1,172,-131.9356,-132.9795
1,173,-131.9356,-132.9238
1,174,-131.9356,-133.2809
1,175,-131.9356,-132.8556
1,176,-131.9356,-133.2446
1,177,-131.9356,-133.0541
1,178,-131.9356,-133.1586
1,179,-131.9356,-133.4031
1,180,-131.9356,-132.9509
1,181,-131.9356,-132.8504
1,182,-131.9356,-132.9671
1,183,-131.9356,-133.3103
1,184,-131.9356,-133.4522
1,185,-131.9356,-133.0549
1,186,-131.9164,-132.9526
1,187,-131.9164,-133.1425
1,188,-131.9164,-133.0632
1,189,-131.9164,-133.2050
1,190,-131.9164,-133.0470
1,191,-131.9164,-133.0543
1,192,-131.9164,-133.1628
1,193,-131.9164,-133.1638
1,194,-131.9164,-132.9670
1,195,-131.9164,-133.0720
1,196,-131.9164,-133.2320
1,197,-131.9164,-133.6258
1,198,-131.9164,-132.9344
1,199,-131.9164,-132.8755
1,200,-131.9164,-132.9962
1,201,-131.9164,-132.8275
1,202,-131.9164,-132.8231
1,203,-131.9164,-132.9585
1,204,-131.9164,-133.2529
1,205,-131.9092,-133.3069
1,206,-131.9092,-133.4492
1,207,-131.9092,-133.3460
1,208,-131.9092,-133.4640
1,209,-131.9092,-133.1463
1,210,-131.9092,-133.2635
1,211,-131.9092,-132.9683
1,212,-131.9092,-132.9407
1,213,-131.9092,-133.0076
1,214,-131.9092,-133.3192
1,215,-131.9092,-132.9288
1,216,-131.9092,-132.8252
1,217,-131.9092,-133.3579
1,218,-131.9092,-133.2204
1,219,-131.9092,-133.2166
2,0,-133.3760,-141.2948
2,1,-132.5049,-134.1959
2,2,-132.5049,-134.0577
2,3,-132.5049,-133.6529
2,4,-132.4079,-133.5053
2,5,-132.3869,-133.6096
2,6,-132.3179,-133.1185
2,7,-132.3179,-133.4522
2,8,-132.2683,-133.5294
2,9,-132.2683,-133.4412
2,10,-132.2683,-133.0489
2,11,-132.2683,-133.4276
2,12,-132.2683,-133.5929
2,13,-132.1803,-133.6235
2,14,-132.1803,-133.3632
2,15,-132.1803,-133.4845
2,16,-132.1803,-133.5044
2,17,-132.1803,-133.2520
2,18,-132.1803,-133.3733
2,19,-132.1803,-133.3227
2,20,-132.1803,-133.4388
2,21,-132.1803,-133.4820
2,22,-132.1803,-133.2185
2,23,-132.1250,-132.8359
2,24,-132.1250,-133.2271
2,25,-132.1250,-133.3963
2,26,-132.1250,-133.0539
2,27,-132.1250,-133.0538
2,28,-132.1250,-133.0595
2,29,-132.1250,-133.4785
2,30,-132.1250,-133.2878
2,31,-132.1250,-133.2126
2,32,-132.1250,-133.3111
2,33,-132.1100,-133.4571
2,34,-132.1100,-133.1340
2,35,-132.1093,-133.4879
2,36,-132.1093,-133.2428
2,37,-132.1093,-133.4983
2,38,-132.1093,-133.2123
2,39,-132.1093,-133.1766
2,40,-132.1053,-132.7800
2,41,-132.1053,-133.2993
2,42,-132.1053,-133.0858
2,43,-132.1053,-133.2303
2,44,-132.1053,-133.4350
2,45,-132.1053,-133.6028
2,46,-132.1053,-133.0999
2,47,-132.0549,-132.9909
2,48,-132.0549,-133.1630
2,49,-132.0549,-133.1181
2,50,-132.0225,-132.9589
2,51,-132.0225,-133.1095
2,52,-132.0225,-133.1632
2,53,-132.0225,-133.1764
2,54,-132.0185,-132.9184
2,55,-132.0185,-133.3263
2,56,-132.0185,-133.2237
2,57,-132.0185,-133.3431
2,58,-132.0185,-132.7857
2,59,-131.9938,-132.9568
2,60,-131.9938,-132.6903
2,61,-131.9938,-132.9115
2,62,-131.9938,-132.9099
2,63,-131.9938,-133.1839
2,64,-131.9938,-133.0077
2,65,-131.9938,-133.3794
2,66,-131.9938,-133.3721
2,67,-131.9938,-132.7464
2,68,-131.9938,-133.3241
2,69,-131.9938,-133.2838
2,70,-131.9938,-133.2728
2,71,-131.9938,-132.6963
2,72,-131.9938,-132.7442
2,73,-131.9938,-133.3050
2,74,-131.9938,-132.8444
2,75,-131.9938,-133.0359
2,76,-131.9938,-132.9868
2,77,-131.9938,-132.7328
2,78,-131.9938,-132.9642
2,79,-131.9938,-133.0130
2,80,-131.9938,-132.7693
2,81,-131.9938,-133.0210
2,82,-131.9938,-133.1116
2,83,-131.9938,-133.6367
2,84,-131.9938,-133.2943
2,85,-131.9938,-133.0631
2,86,-131.9938,-133.1332
2,87,-131.9938,-133.0118
2,88,-131.9938,-132.9672
2,89,-131.9938,-132.9036
2,90,-131.9938,-133.1820
2,91,-131.9440,-133.1321
2,92,-131.9440,-132.6971
2,93,-131.9440,-132.9045
2,94,-131.9440,-132.8444
2,95,-131.8966,-132.5635
2,96,-131.8966,-132.9422
2,97,-131.8966,-132.9518
2,98,-131.8966,-132.8391
2,99,-131.8966,-132.9883
2,100,-131.8966,-133.0169
2,101,-131.8966,-132.8668
2,102,-131.8966,-133.1298
2,103,-131.8966,-132.6190
2,104,-131.8966,-133.3959
2,105,-131.8966,-132.7894
2,106,-131.8966,-133.1137
2,107,-131.8966,-132.9136
2,108,-131.8966,-132.7707
2,109,-131.8966,-133.2816
2,110,-131.8966,-132.9161
2,111,-131.8966,-132.6911
2,112,-131.8966,-133.2344
2,113,-131.8966,-133.3008
2,114,-131.8966,-133.0431
2,115,-131.8966,-133.1907
2,116,-131.8966,-132.8067
2,117,-131.8966,-133.1563
2,118,-131.8966,-132.7738
2,119,-131.8966,-133.1279
2,120,-131.8966,-133.2250
2,121,-131.8966,-133.2707
2,122,-131.8966,-132.7472
2,123,-131.8966,-132.8533
2,124,-131.8966,-133.0797
2,125,-131.8966,-133.0642
2,126,-131.8966,-132.8937
2,127,-131.8966,-132.9498
2,128,-131.8966,-133.0782
2,129,-131.8641,-132.8235
2,130,-131.8641,-133.3836
2,131,-131.8641,-132.8465
2,132,-131.8641,-133.1873
2,133,-131.8641,-133.1552
2,134,-131.8641,-132.7587
2,135,-131.8641,-133.1690
2,136,-131.8641,-132.8289
2,137,-131.8641,-132.7259
2,138,-131.8641,-133.3589
2,139,-131.8641,-133.1128
2,140,-131.8641,-133.2046
2,141,-131.8641,-132.7033
2,142,-131.8641,-132.8248
2,143,-131.8641,-133.0152
2,144,-131.8641,-132.9138
2,145,-131.8641,-132.7969
2,146,-131.8641,-133.0759
2,147,-131.8641,-133.4108
2,148,-131.8641,-132.9034
2,149,-131.8553,-132.8741
2,150,-131.8553,-133.0583
2,151,-131.8553,-132.6211
2,152,-131.8553,-132.6493
2,153,-131.8553,-132.7892
2,154,-131.8553,-132.6962
2,155,-131.8553,-133.0919
2,156,-131.8553,-132.9556
2,157,-131.8553,-132.8324
2,158,-131.8553,-132.7056
2,159,-131.8553,-132.8350
2,160,-131.8553,-132.7048
2,161,-131.8553,-133.2881
2,162,-131.8553,-133.1357
2,163,-131.8553,-133.0576
2,164,-131.8553,-132.8791
2,165,-131.8553,-133.2990
2,166,-131.8553,-133.1744
2,167,-131.8553,-132.7786
2,168,-131.8553,-133.1902
2,169,-131.8553,-132.8514
2,170,-131.8553,-132.5526
2,171,-131.8553,-132.7042
2,172,-131.8553,-132.6255
2,173,-131.8553,-133.3940
2,174,-131.8553,-133.1132
2,175,-131.8553,-132.7220
2,176,-131.8553,-132.8539
2,177,-131.8553,-132.7937
2,178,-131.8553,-133.1752
2,179,-131.8553,-133.0323
2,180,-131.8526,-133.1245
2,181,-131.8526,-132.8280
2,182,-131.8526,-133.0491
2,183,-131.8526,-133.2125
2,184,-131.8526,-132.7999
2,185,-131.8526,-132.9026
2,186,-131.8526,-133.1073
2,187,-131.8526,-132.9730
2,188,-131.8526,-132.9838
2,189,-131.8526,-132.8744
2,190,-131.8526,-132.9195
2,191,-131.8526,-133.0684
2,192,-131.8526,-132.9658
2,193,-131.8526,-132.9622
2,194,-131.8526,-133.0367
2,195,-131.8526,-133.1042
2,196,-131.8526,-133.3918
2,197,-131.8526,-132.8840
2,198,-131.8526,-133.1911
2,199,-131.8526,-132.9132
2,200,-131.8526,-132.7335
2,201,-131.8526,-132.9630
2,202,-131.8526,-133.0251
2,203,-131.8526,-132.7582
2,204,-131.8526,-132.7750
2,205,-131.8526,-133.2901
2,206,-131.8526,-133.0251
2,207,-131.8526,-132.7159
2,208,-131.8526,-133.1673
2,209,-131.8526,-132.7161
2,210,-131.8526,-132.7440
2,211,-131.8526,-133.1320
2,212,-131.8526,-132.6572
2,213,-131.8526,-132.4551
2,214,-131.8526,-132.7299
2,215,-131.8526,-132.6552
2,216,-131.8526,-133.2352
2,217,-131.8526,-133.1071
2,218,-131.8526,-132.8557
2,219,-131.8526,-132.9384
3,0,-133.4833,-141.3005
3,1,-132.6233,-134.2554
3,2,-132.4834,-133.9541
3,3,-132.4834,-134.1224
3,4,-132.3304,-133.5384
3,5,-132.3304,-133.5660
3,6,-132.3304,-133.8170
3,7,-132.3304,-133.4135
3,8,-132.2766,-133.4873
3,9,-132.2492,-133.5671
3,10,-132.1475,-133.3041
3,11,-132.1413,-133.2455
3,12,-132.1413,-133.1131
3,13,-132.1413,-133.0078
3,14,-132.1172,-133.3685
3,15,-132.1172,-133.1667
3,16,-132.1172,-133.3742
3,17,-132.1172,-133.5982
3,18,-132.1172,-133.3032
3,19,-132.1172,-133.0075
3,20,-132.1172,-132.7181
3,21,-132.1172,-133.1123
3,22,-132.1172,-133.3018
3,23,-132.1172,-133.2401
3,24,-132.1172,-133.2938
3,25,-132.1172,-133.1002
3,26,-132.1172,-133.2520
3,27,-132.1172,-133.1400
3,28,-132.1172,-132.8763
3,29,-132.1172,-133.1469
3,30,-132.0997,-133.0920
3,31,-132.0655,-133.0478
3,32,-132.0655,-132.9365
3,33,-132.0655,-133.0697
3,34,-132.0484,-133.1340
3,35,-132.0471,-133.4128
3,36,-132.0471,-133.0346
3,37,-132.0471,-132.9787
3,38,-132.0471,-133.1518
3,39,-132.0471,-133.0006
3,40,-132.0471,-132.9129
3,41,-132.0471,-133.4313
3,42,-132.0471,-133.0368
3,43,-132.0471,-132.8158
3,44,-132.0471,-133.2753
3,45,-132.0278,-132.6315
3,46,-131.9584,-132.7549
3,47,-131.9584,-132.8716
3,48,-131.9584,-133.2078
3,49,-131.9584,-133.0578
3,50,-131.9584,-132.9998
3,51,-131.9584,-133.1374
3,52,-131.9584,-133.0237
3,53,-131.9584,-133.0113
3,54,-131.9584,-133.2653
3,55,-131.9584,-133.0139
3,56,-131.9584,-133.2265
3,57,-131.9584,-133.0115
3,58,-131.9584,-133.1649
3,59,-131.9584,-132.8962
3,60,-131.9584,-132.7848
3,61,-131.9584,-132.9222
3,62,-131.9584,-133.2362
3,63,-131.9584,-132.8392
3,64,-131.9584,-133.4343
3,65,-131.9584,-132.8831
3,66,-131.9533,-132.9490
3,67,-131.9533,-132.7874
3,68,-131.9533,-133.1349
3,69,-131.9533,-133.0856
3,70,-131.9533,-133.0308
3,71,-131.9533,-132.7635
3,72,-131.9533,-132.8356
3,73,-131.9533,-132.9635
3,74,-131.9533,-133.0104
3,75,-131.9533,-133.6427
3,76,-131.9533,-133.0898
3,77,-131.9533,-133.1741
3,78,-131.9533,-133.3440
3,79,-131.9533,-133.1375
3,80,-131.9533,-132.8048
3,81,-131.9533,-133.1488
3,82,-131.9533,-132.7881
3,83,-131.9533,-133.0226
3,84,-131.9533,-133.0366
3,85,-131.9533,-132.9537
3,86,-131.9533,-133.0387
3,87,-131.9533,-132.8415
3,88,-131.9533,-133.0952
3,89,-131.9533,-133.1483
3,90,-131.9504,-132.8854
3,91,-131.9504,-133.0896
3,92,-131.9489,-132.8817
3,93,-131.9489,-132.8086
3,94,-131.9489,-132.8748
3,95,-131.9489,-133.0580
3,96,-131.9489,-133.0078
3,97,-131.9489,-132.9993
3,98,-131.9213,-132.8158
3,99,-131.9213,-133.1215
3,100,-131.9213,-133.3074
3,101,-131.9213,-133.1991
3,102,-131.9213,-133.1876
3,103,-131.9213,-133.1257
3,104,-131.9213,-132.8241
3,105,-131.9213,-133.2229
3,106,-131.9213,-132.8878
3,107,-131.9213,-132.8075
3,108,-131.9213,-133.1210
3,109,-131.9200,-133.1614
3,110,-131.9200,-132.9279
3,111,-131.9200,-133.0906
3,112,-131.9200,-133.2815
3,113,-131.9200,-132.9880
3,114,-131.9200,-133.1249
3,115,-131.9200,-132.7195
3,116,-131.9200,-133.3025
3,117,-131.9200,-133.4344
3,118,-131.9200,-133.6088
3,119,-131.9200,-132.9785
3,120,-131.9200,-132.8836
3,121,-131.9200,-132.9085
3,122,-131.9200,-132.9238
3,123,-131.9200,-132.7854
3,124,-131.9200,-132.9975
3,125,-131.9200,-133.0127
3,126,-131.9200,-133.0557
3,127,-131.9200,-133.2505
3,128,-131.9200,-133.1577
3,129,-131.9200,-132.8788
3,130,-131.9200,-132.4182
3,131,-131.9200,-133.0509
3,132,-131.9173,-132.9924
3,133,-131.9173,-132.9115
3,134,-131.9173,-133.2361
3,135,-131.9173,-132.7701
3,136,-131.9173,-132.7259
3,137,-131.9173,-133.0614
3,138,-131.9173,-133.0190
3,139,-131.9173,-133.1553
3,140,-131.9173,-133.4329
3,141,-131.9173,-133.4218
3,142,-131.9173,-132.9456
3,143,-131.9173,-133.1935
3,144,-131.9173,-133.0724
3,145,-131.9173,-133.1660
3,146,-131.9173,-132.9447
3,147,-131.9173,-133.3253
3,148,-131.9173,-132.9071
3,149,-131.9173,-133.5850
3,150,-131.9173,-132.9093
3,151,-131.8832,-132.9386
3,152,-131.8832,-132.6058
3,153,-131.8832,-132.7582
3,154,-131.8832,-132.9539
3,155,-131.8832,-132.8243
3,156,-131.8832,-132.9993
3,157,-131.8832,-133.0798
3,158,-131.8832,-132.6752
3,159,-131.8832,-133.2494
3,160,-131.8832,-133.1065
3,161,-131.8832,-133.5176
3,162,-131.8832,-133.2699
3,163,-131.8832,-133.2111
3,164,-131.8832,-132.7092
3,165,-131.8832,-132.9054
3,166,-131.8832,-133.3413
3,167,-131.8832,-133.0072
3,168,-131.8832,-133.2643
3,169,-131.8832,-132.8454
3,170,-131.8832,-133.2228
3,171,-131.8832,-133.2871
3,172,-131.8832,-132.9996
3,173,-131.8832,-132.8747
3,174,-131.8832,-133.0866
3,175,-131.8832,-133.3959
3,176,-131.8832,-132.9909
3,177,-131.8832,-132.4994
3,178,-131.8832,-132.5819
3,179,-131.8832,-133.0158
3,180,-131.8832,-132.8173
3,181,-131.8832,-132.9178
3,182,-131.8832,-132.8195
3,183,-131.8832,-133.0970
3,184,-131.8832,-133.2045
3,185,-131.8832,-132.8342
3,186,-131.8832,-133.1324
3,187,-131.8832,-132.9733
3,188,-131.8832,-132.5909
3,189,-131.8832,-132.8273
3,190,-131.8832,-132.8507
3,191,-131.8832,-132.8254
3,192,-131.8832,-132.9183
3,193,-131.8832,-133.0393
3,194,-131.8832,-132.9626
3,195,-131.8832,-133.1849
3,196,-131.8832,-132.8190
3,197,-131.8832,-132.8557
3,198,-131.8832,-132.7781
3,199,-131.8832,-133.0154
3,200,-131.8832,-132.9703
3,201,-131.8832,-132.7217
3,202,-131.8832,-133.2533
3,203,-131.8832,-133.0596
3,204,-131.8832,-133.0033
3,205,-131.8832,-133.1160
3,206,-131.8832,-132.9054
3,207,-131.8832,-132.9752
3,208,-131.8832,-133.1356
3,209,-131.8832,-132.6766
3,210,-131.8832,-133.0808
3,211,-131.8832,-133.1512
3,212,-131.8832,-133.2712
3,213,-131.8832,-133.0005
3,214,-131.8832,-133.1362
3,215,-131.8832,-132.8590
3,216,-131.8832,-133.0229
3,217,-131.8832,-132.8647
3,218,-131.8832,-133.4365
3,219,-131.8832,-132.8226
4,0,-132.8422,-141.3860
4,1,-132.6626,-134.7990
4,2,-132.4464,-134.0797
4,3,-132.3706,-133.7184
4,4,-132.3706,-133.9112
4,5,-132.3514,-133.7983
4,6,-132.3514,-133.7540
4,7,-132.1368,-133.4156
4,8,-132.1368,-133.3564
4,9,-132.1368,-133.4377
4,10,-132.1368,-133.5136
4,11,-132.1368,-133.5736
4,12,-132.1368,-133.6628
4,13,-132.1368,-133.4748
4,14,-132.1368,-133.4489
4,15,-132.1368,-133.1912
4,16,-132.1368,-133.4593
4,17,-132.1368,-133.4138
4,18,-132.1368,-133.1475
4,19,-132.1368,-133.3656
4,20,-132.1368,-132.7897
4,21,-132.1368,-133.2581
4,22,-132.1368,-132.9545
4,23,-132.1368,-133.0175
4,24,-132.1368,-132.8318
4,25,-132.1368,-133.1933
4,26,-132.1368,-133.0735
4,27,-132.1368,-133.1659
4,28,-132.1368,-133.4552
4,29,-132.1100,-133.2352
4,30,-132.0551,-132.9835
4,31,-132.0551,-132.9785
4,32,-132.0551,-133.4758
4,33,-132.0551,-133.4018
4,34,-132.0551,-133.0007
4,35,-132.0436,-133.1313
4,36,-132.0436,-133.3205
4,37,-132.0436,-133.0629
4,38,-132.0436,-133.4923
4,39,-132.0436,-133.2525
4,40,-132.0436,-132.7781
4,41,-132.0436,-132.8925
4,42,-132.0272,-133.0287
4,43,-132.0272,-132.9926
4,44,-132.0272,-133.1026
4,45,-132.0272,-133.6548
4,46,-132.0272,-132.9428
4,47,-132.0272,-133.0536
4,48,-132.0272,-133.3120
4,49,-132.0272,-133.1722
4,50,-132.0272,-132.9660
4,51,-132.0272,-133.0678
4,52,-132.0272,-133.3022
4,53,-132.0272,-132.8450
4,54,-132.0272,-133.1979
4,55,-132.0272,-132.9292
4,56,-132.0272,-133.3276
4,57,-132.0082,-132.7722
4,58,-132.0082,-132.9653
4,59,-132.0082,-133.4280
4,60,-132.0082,-132.8901
4,61,-132.0082,-133.0547
4,62,-132.0082,-133.1119
4,63,-132.0082,-132.9996
4,64,-132.0082,-133.1795
4,65,-131.9582,-132.7115
4,66,-131.9582,-132.9757
4,67,-131.9582,-133.0734
4,68,-131.9582,-133.2526
4,69,-131.9582,-133.0565
4,70,-131.9582,-133.2750
4,71,-131.9582,-132.7213
4,72,-131.9582,-133.5363
4,73,-131.9582,-133.4618
4,74,-131.9582,-132.8428
4,75,-131.9582,-133.0101
4,76,-131.9582,-133.1797
4,77,-131.9582,-132.8588
4,78,-131.9582,-133.0371
4,79,-131.9582,-132.8123
4,80,-131.9582,-133.0790
4,81,-131.9582,-132.8664
4,82,-131.9582,-133.0301
4,83,-131.9528,-132.7713
4,84,-131.9528,-132.9281
4,85,-131.9528,-133.1217
4,86,-131.9528,-133.0187
4,87,-131.9528,-132.8895
4,88,-131.9528,-132.7397
4,89,-131.9528,-133.1370
4,90,-131.9528,-133.0000
4,91,-131.9528,-132.8389
4,92,-131.9528,-132.8426
4,93,-131.9528,-132.6125
4,94,-131.9320,-132.7762
4,95,-131.9320,-132.8008
4,96,-131.9320,-132.8935
4,97,-131.9320,-133.1715
4,98,-131.9320,-132.9370
4,99,-131.9320,-133.0841
4,100,-131.9320,-132.8416
4,101,-131.9320,-132.4909
4,102,-131.9320,-133.2289
4,103,-131.9320,-132.6807
4,104,-131.9320,-132.9781
4,105,-131.9320,-133.2532
4,106,-131.9320,-132.8685
4,107,-131.9320,-133.2083
4,108,-131.9320,-132.6029
4,109,-131.9320,-132.8532
4,110,-131.9320,-133.0950
4,111,-131.9320,-133.0430
4,112,-131.9320,-133.2740
4,113,-131.9320,-132.7828
4,114,-131.9320,-133.3073
4,115,-131.9320,-132.9427
4,116,-131.9320,-133.3432
4,117,-131.9320,-133.1285
4,118,-131.9320,-132.8346
4,119,-131.9320,-132.7397
4,120,-131.9320,-133.3943
4,121,-131.9320,-132.8655
4,122,-131.9320,-132.8768
4,123,-131.9320,-133.3228
4,124,-131.9229,-132.8299
4,125,-131.9229,-132.4751
4,126,-131.9229,-133.1350
4,127,-131.9229,-133.0195
4,128,-131.9229,-132.8303
4,129,-131.9214,-133.0502
4,130,-131.9214,-133.0147
4,131,-131.9214,-132.7938
4,132,-131.9214,-133.0633
4,133,-131.9214,-133.0684
4,134,-131.9214,-133.0374
4,135,-131.9214,-133.3369
4,136,-131.9214,-133.0811
4,137,-131.9214,-133.3757
4,138,-131.9214,-133.0428
4,139,-131.9214,-133.2209
4,140,-131.9214,-132.9531
4,141,-131.9214,-133.0567
4,142,-131.9214,-133.2162
4,143,-131.9214,-132.6458
4,144,-131.8693,-133.1757
4,145,-131.8693,-132.6931
4,146,-131.8693,-133.0295
4,147,-131.8693,-132.9139
4,148,-131.8693,-133.1370
4,149,-131.8693,-133.3838
4,150,-131.8693,-133.1184
4,151,-131.8693,-132.9713
4,152,-131.8693,-133.0062
4,153,-131.8693,-132.8011
4,154,-131.8693,-132.7228
4,155,-131.8693,-133.0756
4,156,-131.8693,-133.0588
4,157,-131.8331,-132.4626
4,158,-131.8331,-132.9315
4,159,-131.8331,-133.0900
4,160,-131.8331,-133.3104
4,161,-131.8331,-133.3392
4,162,-131.8331,-133.5613
4,163,-131.8331,-133.2939
4,164,-131.8331,-133.3970
4,165,-131.8331,-132.8204
4,166,-131.8331,-133.2051
4,167,-131.8331,-132.9737
4,168,-131.8331,-133.1864
4,169,-131.8331,-132.7224
4,170,-131.8331,-132.9152
4,171,-131.8331,-133.0456
4,172,-131.8331,-133.2131
4,173,-131.8331,-132.6868
4,174,-131.8331,-132.9833
4,175,-131.8331,-133.0758
4,176,-131.8331,-132.7503
4,177,-131.8331,-132.7975
4,178,-131.8331,-132.9603
4,179,-131.8331,-133.0573
4,180,-131.8331,-133.0845
4,181,-131.8331,-132.8435
4,182,-131.8331,-133.3726
4,183,-131.8331,-132.7603
4,184,-131.8331,-133.1305
4,185,-131.8331,-132.7289
4,186,-131.8331,-132.8231
4,187,-131.8331,-133.2185
4,188,-131.8331,-133.1624
4,189,-131.8331,-132.8864
4,190,-131.8331,-132.7895
4,191,-131.8331,-133.1364
4,192,-131.8331,-133.0869
4,193,-131.8315,-132.6742
4,194,-131.8315,-133.2880
4,195,-131.8315,-132.9187
4,196,-131.8315,-133.2148
4,197,-131.8315,-132.9651
4,198,-131.8315,-133.1068
4,199,-131.8315,-133.0457
4,200,-131.8315,-132.5788
4,201,-131.8315,-132.8046
4,202,-131.8315,-133.0989
4,203,-131.8315,-132.8122
4,204,-131.8315,-132.6990
4,205,-131.8315,-133.2329
4,206,-131.8315,-132.5539
4,207,-131.8315,-133.2250
4,208,-131.8315,-132.8463
4,209,-131.8315,-132.9094
4,210,-131.8315,-132.9953
4,211,-131.8315,-132.4733
4,212,-131.8315,-132.9906
4,213,-131.8315,-132.7191
4,214,-131.8315,-133.1429
4,215,-131.8018,-133.0024
4,216,-131.8018,-132.9606
4,217,-131.8018,-132.9351
4,218,-131.8018,-132.6288
4,219,-131.8018,-132.8056
5,0,-132.7552,-140.2185
5,1,-132.4854,-134.6324
5,2,-132.4278,-133.8293
5,3,-132.4278,-133.8111
5,4,-132.4278,-133.7421
5,5,-132.3269,-133.4997
5,6,-132.3269,-133.4904
5,7,-132.3269,-133.5596
5,8,-132.2099,-133.2636
5,9,-132.2099,-133.3748
5,10,-132.2099,-133.7340
5,11,-132.2070,-133.3816
5,12,-132.2070,-133.4529
5,13,-132.2070,-133.2913
5,14,-132.1868,-133.1289
5,15,-132.1868,-133.0497
5,16,-132.1868,-133.4198
5,17,-132.1868,-133.0680
5,18,-132.1868,-133.0995
5,19,-132.1575,-133.2148
5,20,-132.1575,-133.1578
5,21,-132.1575,-133.4219
5,22,-132.1575,-133.4971
5,23,-132.1575,-133.2169
5,24,-132.1575,-133.4512
5,25,-132.1575,-133.3192
5,26,-132.1575,-133.5487
5,27,-132.1575,-133.4747
5,28,-132.1575,-133.0724
5,29,-132.1100,-133.4090
5,30,-132.1100,-133.3116
5,31,-132.1100,-133.5131
5,32,-132.1100,-133.1232
5,33,-132.1100,-133.5427
5,34,-132.1100,-133.5527
5,35,-132.1100,-133.0425
5,36,-132.1100,-133.5392
5,37,-132.1100,-133.0375
5,38,-132.1100,-133.3174
5,39,-132.1100,-133.3310
5,40,-132.1100,-133.2840
5,41,-132.1100,-133.3233
5,42,-132.1100,-133.2707
5,43,-132.1100,-133.3748
5,44,-132.1100,-133.3339
5,45,-132.1100,-132.8086
5,46,-132.1100,-133.2419
5,47,-132.1100,-133.1132
5,48,-132.1100,-133.2367
5,49,-132.1100,-133.5410
5,50,-132.1100,-133.5334
5,51,-132.1100,-133.1881
5,52,-132.1100,-133.4942
5,53,-132.1000,-133.5131
5,54,-132.1000,-133.3852
5,55,-132.1000,-133.5094
5,56,-132.1000,-132.9451
5,57,-132.1000,-133.4276
5,58,-132.1000,-132.8410
5,59,-132.1000,-133.3707
5,60,-132.1000,-133.4541
5,61,-132.1000,-133.2041
5,62,-132.1000,-133.2185
5,63,-132.0968,-133.0147
5,64,-132.0968,-133.4159
5,65,-132.0968,-133.1275
5,66,-132.0968,-133.1870
5,67,-132.0968,-133.4437
5,68,-132.0764,-133.0974
5,69,-132.0764,-133.2575
5,70,-132.0236,-133.3099
5,71,-132.0236,-133.2415
5,72,-132.0236,-132.8420
5,73,-132.0236,-133.2590
5,74,-132.0236,-133.1806
5,75,-132.0236,-132.9047
5,76,-132.0236,-133.1874
5,77,-132.0236,-132.9701
5,78,-132.0236,-133.1201
5,79,-132.0236,-133.2057
5,80,-132.0236,-133.5178
5,81,-132.0236,-133.1101
5,82,-132.0236,-133.5857
5,83,-132.0236,-133.0114
5,84,-132.0236,-132.9158
5,85,-131.9548,-133.1071
5,86,-131.9548,-133.3693
5,87,-131.9548,-133.2002
5,88,-131.9259,-132.9237
5,89,-131.9259,-132.9929
5,90,-131.9259,-133.2081
5,91,-131.9259,-133.0543
5,92,-131.9259,-132.8593
5,93,-131.9242,-132.8294
5,94,-131.9242,-132.9126
5,95,-131.9242,-133.1913
5,96,-131.9242,-133.3079
5,97,-131.9242,-132.9400
5,98,-131.9242,-132.7488
5,99,-131.9242,-132.6034
5,100,-131.9242,-133.3256
5,101,-131.9242,-133.0616
5,102,-131.9242,-132.9912
5,103,-131.9242,-132.9898
5,104,-131.9242,-132.9978
5,105,-131.9242,-132.6690
5,106,-131.9242,-133.0785
5,107,-131.9242,-133.1850
5,108,-131.9242,-133.2069
5,109,-131.9242,-133.0237
5,110,-131.9242,-132.9949
5,111,-131.9242,-132.9881
5,112,-131.9242,-133.3178
5,113,-131.9242,-133.1107
5,114,-131.9242,-133.0596
5,115,-131.9242,-132.6453
5,116,-131.9242,-133.3961
5,117,-131.9242,-132.9519
5,118,-131.9242,-133.3384
5,119,-131.9242,-133.4911
5,120,-131.9242,-133.0739
5,121,-131.9242,-132.8547
5,122,-131.9242,-132.8014
5,123,-131.9242,-132.6814
5,124,-131.9242,-132.9139
5,125,-131.9232,-132.7431
5,126,-131.9232,-132.8864
5,127,-131.9232,-133.0956
5,128,-131.9232,-132.8086
5,129,-131.9175,-132.7294
5,130,-131.9175,-132.8197
5,131,-131.9175,-133.1160
5,132,-131.9175,-133.0438
5,133,-131.9175,-133.0683
5,134,-131.9175,-133.0839
5,135,-131.9175,-133.3226
5,136,-131.9175,-133.0340
5,137,-131.9175,-132.7566
5,138,-131.9175,-133.0708
5,139,-131.9175,-133.0660
5,140,-131.9175,-133.0097
5,141,-131.9175,-132.9730
5,142,-131.9175,-133.5185
5,143,-131.9175,-132.9899
5,144,-131.9175,-133.1169
5,145,-131.9175,-133.0536
5,146,-131.9175,-133.1930
5,147,-131.9175,-133.0034
5,148,-131.9175,-133.1702
5,149,-131.9175,-133.1244
5,150,-131.9175,-133.1901
5,151,-131.9175,-132.6805
5,152,-131.9175,-132.8648
5,153,-131.9175,-133.0792
5,154,-131.9110,-132.9617
5,155,-131.9110,-133.1997
5,156,-131.9110,-132.8545
5,157,-131.9110,-133.0696
5,158,-131.9110,-132.7408
5,159,-131.9110,-133.3412
5,160,-131.9110,-133.3016
5,161,-131.9110,-133.0367
5,162,-131.9110,-133.1869
5,163,-131.9110,-132.9606
5,164,-131.9110,-132.7522
5,165,-131.9110,-132.9463
5,166,-131.9110,-133.1054
5,167,-131.9110,-133.1983
5,168,-131.9110,-133.3206
5,169,-131.9110,-133.0408
5,170,-131.9110,-132.9926
5,171,-131.9110,-132.8405
5,172,-131.9110,-133.3196
5,173,-131.9110,-132.8646
5,174,-131.9110,-133.3121
5,175,-131.9110,-132.9565
5,176,-131.9110,-132.9234
5,177,-131.9110,-133.1791
5,178,-131.9110,-132.8348
5,179,-131.9110,-132.9804
5,180,-131.9110,-133.1873
5,181,-131.9110,-132.8207
5,182,-131.9110,-132.9838
5,183,-131.9110,-133.3399
5,184,-131.9110,-133.0825
5,185,-131.9110,-133.4921
5,186,-131.9110,-133.0618
5,187,-131.9110,-132.9021
5,188,-131.9110,-132.8934
5,189,-131.9110,-133.5674
5,190,-131.9110,-133.0988
5,191,-131.9110,-132.8618
5,192,-131.9110,-133.1902
5,193,-131.9110,-133.0314
5,194,-131.9110,-133.0295
5,195,-131.9110,-132.8195
5,196,-131.9110,-133.1367
5,197,-131.9110,-132.5462
5,198,-131.9110,-132.9538
5,199,-131.9110,-133.1827
5,200,-131.9110,-133.0205
5,201,-131.9110,-133.2476
5,202,-131.9110,-132.9608
5,203,-131.9110,-133.2894
5,204,-131.9110,-133.0943
5,205,-131.9110,-132.9172
5,206,-131.8798,-132.7765
5,207,-131.8798,-132.8000
5,208,-131.8798,-132.8588
5,209,-131.8798,-132.7123
5,210,-131.8798,-133.6079
5,211,-131.8798,-133.0239
5,212,-131.8798,-133.1354
5,213,-131.8798,-133.1663
5,214,-131.8798,-133.0467
5,215,-131.8798,-133.1376
5,216,-131.8798,-133.0644
5,217,-131.8798,-133.1135
5,218,-131.8798,-133.3045
5,219,-131.8798,-133.3226
6,0,-133.2577,-140.0058
6,1,-132.5991,-134.7127
6,2,-132.4180,-133.7922
6,3,-132.4180,-133.7304
6,4,-132.3729,-133.3402
6,5,-132.3729,-133.5462
6,6,-132.3724,-133.0872
6,7,-132.3700,-133.6491
6,8,-132.3414,-133.9111
6,9,-132.3414,-133.6016
6,10,-132.3414,-133.7759
6,11,-132.3243,-133.2787
6,12,-132.3243,-133.7139
6,13,-132.2781,-133.1526
6,14,-132.2781,-133.5187
6,15,-132.2781,-133.3405
6,16,-132.2294,-133.1748
6,17,-132.2294,-133.5981
6,18,-132.1488,-132.9565
6,19,-132.1488,-133.5104
6,20,-132.1488,-133.1457
6,21,-132.1331,-132.9488
6,22,-132.1331,-133.3747
6,23,-132.1277,-133.0126
6,24,-132.1277,-133.2105
6,25,-132.1277,-133.1358
6,26,-132.1277,-133.1545
6,27,-132.1277,-133.3443
6,28,-132.1277,-133.3727
6,29,-132.1246,-133.1634
6,30,-132.1246,-132.9753
6,31,-132.0471,-132.8723
6,32,-132.0471,-133.1294
6,33,-132.0471,-133.0899
6,34,-132.0471,-132.8309
6,35,-132.0471,-133.4168
6,36,-132.0471,-133.1879
6,37,-132.0148,-133.0901
6,38,-132.0148,-133.3568
6,39,-132.0148,-133.2371
6,40,-132.0148,-133.0197
6,41,-132.0148,-133.4035
6,42,-132.0148,-133.0905
6,43,-132.0148,-133.0211
6,44,-132.0148,-132.7082
6,45,-132.0148,-133.2682
6,46,-132.0148,-133.4199
6,47,-132.0148,-133.2710
6,48,-132.0148,-133.3500
6,49,-132.0148,-133.2849
6,50,-132.0148,-133.3487
6,51,-132.0148,-133.0911
6,52,-132.0148,-132.9818
6,53,-132.0148,-133.1521
6,54,-132.0077,-132.9557
6,55,-132.0077,-133.0419
6,56,-132.0077,-132.9664
6,57,-132.0077,-132.9454
6,58,-132.0077,-133.1064
6,59,-132.0077,-133.3347
6,60,-132.0077,-133.3443
6,61,-132.0077,-132.9257
6,62,-132.0077,-133.3870
6,63,-132.0077,-133.2266
6,64,-132.0077,-132.7160
6,65,-132.0077,-132.7516
6,66,-131.9836,-132.9421
6,67,-131.9836,-132.9038
6,68,-131.9836,-132.8964
6,69,-131.9836,-132.9888
6,70,-131.9836,-133.0091
6,71,-131.9836,-133.2813
6,72,-131.9836,-133.1035
6,73,-131.9836,-132.7242
6,74,-131.9836,-132.9371
6,75,-131.9836,-132.9684
6,76,-131.9836,-133.1513
6,77,-131.9836,-132.8475
6,78,-131.9836,-132.8030
6,79,-131.9836,-132.8576
6,80,-131.9836,-133.0691
6,81,-131.9836,-133.1717
6,82,-131.9836,-132.9717
6,83,-131.9836,-132.7215
6,84,-131.9836,-133.0699
6,85,-131.9836,-133.3317
6,86,-131.9836,-133.5728
6,87,-131.9836,-133.1356
6,88,-131.9836,-132.9683
6,89,-131.9836,-132.9248
6,90,-131.9836,-133.0416
6,91,-131.9836,-132.7565
6,92,-131.9836,-133.3083
6,93,-131.9836,-133.0075
6,94,-131.9836,-132.9200
6,95,-131.9836,-133.1225
6,96,-131.9836,-132.9151
6,97,-131.9836,-133.0658
6,98,-131.9836,-133.2026
6,99,-131.9836,-133.0899
6,100,-131.9836,-133.1363
6,101,-131.9836,-132.8403
6,102,-131.9836,-132.9390
6,103,-131.9836,-132.7175
6,104,-131.9836,-133.0020
6,105,-131.9836,-133.2159
6,106,-131.9836,-133.2510
6,107,-131.9775,-133.0979
6,108,-131.9745,-132.9935
6,109,-131.9745,-132.6192
6,110,-131.9745,-133.0819
6,111,-131.9745,-133.1273
6,112,-131.9745,-132.9403
6,113,-131.9745,-133.0038
6,114,-131.9745,-133.1516
6,115,-131.9745,-132.9607
6,116,-131.9730,-132.8496
6,117,-131.9730,-132.9629
6,118,-131.9730,-133.1978
6,119,-131.9730,-133.1991
6,120,-131.9730,-133.2776
6,121,-131.9730,-133.1290
6,122,-131.9730,-133.1207
6,123,-131.9730,-132.7999
6,124,-131.9504,-133.4196
6,125,-131.9504,-132.7542
6,126,-131.9504,-132.8037
6,127,-131.9504,-133.3220
6,128,-131.9504,-132.9019
6,129,-131.9504,-133.0640
6,130,-131.9504,-133.2385
6,131,-131.9504,-132.8446
6,132,-131.9504,-132.7079
6,133,-131.9504,-133.3362
6,134,-131.9504,-133.1303
6,135,-131.9504,-132.9088
6,136,-131.9504,-132.9716
6,137,-131.9504,-132.8984
6,138,-131.9504,-132.9030
6,139,-131.9504,-133.0532
6,140,-131.9504,-132.9524
6,141,-131.9504,-133.0378
6,142,-131.9504,-132.9915
6,143,-131.9504,-133.3643
6,144,-131.9504,-133.0082
6,145,-131.9504,-133.2726
6,146,-131.9504,-133.1169
6,147,-131.9504,-133.1423
6,148,-131.9504,-133.2578
6,149,-131.9504,-132.7144
6,150,-131.9504,-133.0236
6,151,-131.9504,-132.9190
6,152,-131.9504,-133.1634
6,153,-131.9504,-132.8448
6,154,-131.9504,-133.1825
6,155,-131.9504,-132.9041
6,156,-131.9504,-132.7348
6,157,-131.9504,-132.8548
6,158,-131.9504,-132.7546
6,159,-131.9504,-132.9848
6,160,-131.9432,-132.7066
6,161,-131.9432,-133.0930
6,162,-131.9432,-133.1340
6,163,-131.9432,-132.9148
6,164,-131.9432,-133.1562
6,165,-131.9432,-132.9724
6,166,-131.9432,-132.9302
6,167,-131.9432,-132.6765
6,168,-131.9432,-132.8547
6,169,-131.9432,-133.1220
6,170,-131.9432,-133.3491
6,171,-131.9432,-132.9575
6,172,-131.9432,-133.3665
6,173,-131.9432,-133.1462
6,174,-131.9432,-132.9436
6,175,-131.9432,-132.9038
6,176,-131.9432,-132.9379
6,177,-131.9432,-133.1024
6,178,-131.9432,-132.8976
6,179,-131.9432,-133.2425
6,180,-131.9432,-132.9755
6,181,-131.9432,-132.7392
6,182,-131.9432,-132.6941
6,183,-131.9432,-133.2279
6,184,-131.9432,-132.6834
6,185,-131.9432,-133.3433
6,186,-131.9432,-133.0888
6,187,-131.9432,-133.2929
6,188,-131.9432,-132.9154
6,189,-131.9432,-133.1768
6,190,-131.9396,-132.8965
6,191,-131.9396,-132.9039
6,192,-131.9396,-133.0857
6,193,-131.9396,-133.1375
6,194,-131.9396,-132.3971
6,195,-131.9396,-133.1548
6,196,-131.9396,-132.8797
6,197,-131.9396,-133.1625
6,198,-131.9396,-133.3875
6,199,-131.9396,-132.7922
6,200,-131.9396,-133.2181
6,201,-131.9396,-132.6146
6,202,-131.9396,-133.0496
6,203,-131.9396,-133.1604
6,204,-131.9396,-133.2389
6,205,-131.9396,-133.3677
6,206,-131.9396,-133.1847
6,207,-131.9396,-133.2910
6,208,-131.9396,-133.0938
6,209,-131.9396,-132.6203
6,210,-131.9396,-133.0133
6,211,-131.9396,-132.7411
6,212,-131.9396,-133.0617
6,213,-131.9396,-133.2114
6,214,-131.9396,-132.8849
6,215,-131.9396,-132.9208
6,216,-131.9396,-132.8452
6,217,-131.9396,-133.0139
6,218,-131.9396,-133.1682
6,219,-131.9396,-133.2134
7,0,-133.4316,-141.2947
7,1,-132.9319,-134.8617
7,2,-132.6505,-134.1195
7,3,-132.4428,-134.0026
7,4,-132.4428,-133.8074
7,5,-132.4428,-133.8610
7,6,-132.4428,-133.6403
7,7,-132.4428,-133.5768
7,8,-132.2728,-133.4003
7,9,-132.2728,-133.5619
7,10,-132.2728,-133.5463
7,11,-132.2017,-133.4279
7,12,-132.1803,-133.8027
7,13,-132.1803,-133.4969
7,14,-132.0195,-133.7198
7,15,-132.0195,-133.3555
7,16,-132.0195,-132.9579
7,17,-132.0195,-133.2364
7,18,-132.0195,-133.2328
7,19,-132.0195,-133.3090
7,20,-132.0195,-133.1473
7,21,-132.0195,-133.5909
7,22,-132.0195,-132.8194
7,23,-132.0195,-132.9009
7,24,-132.0195,-132.9003
7,25,-132.0195,-132.8358
7,26,-132.0195,-132.9760
7,27,-132.0195,-133.0310
7,28,-132.0195,-132.9057
7,29,-132.0195,-132.8620
7,30,-132.0195,-132.6903
7,31,-132.0195,-132.6874
7,32,-132.0195,-133.1903
7,33,-132.0195,-132.7363
7,34,-132.0195,-132.8444
7,35,-132.0195,-133.1194
7,36,-132.0195,-133.1630
7,37,-132.0195,-132.6863
7,38,-132.0195,-133.2038
7,39,-132.0195,-133.3397
7,40,-132.0195,-133.4273
7,41,-132.0195,-132.7893
7,42,-132.0195,-133.3774
7,43,-132.0195,-133.5091
7,44,-132.0195,-133.3713
7,45,-132.0190,-133.2273
7,46,-132.0190,-132.7705
7,47,-132.0103,-133.0429
7,48,-132.0103,-133.0567
7,49,-132.0103,-133.1549
7,50,-132.0103,-132.9659
7,51,-132.0103,-133.1661
7,52,-132.0103,-133.4471
7,53,-132.0103,-132.9295
7,54,-132.0103,-132.7015
7,55,-132.0103,-133.1886
7,56,-132.0103,-132.8980
7,57,-132.0103,-132.7905
7,58,-132.0103,-132.9720
7,59,-132.0103,-133.2213
7,60,-132.0103,-132.8982
7,61,-132.0103,-133.0665
7,62,-132.0103,-132.8983
7,63,-132.0103,-133.1761
7,64,-132.0103,-133.0204
7,65,-132.0103,-133.3698
7,66,-132.0103,-132.6631
7,67,-132.0103,-132.3857
7,68,-132.0103,-133.0701
7,69,-132.0103,-133.0450
7,70,-132.0103,-133.2659
7,71,-132.0103,-132.6026
7,72,-132.0103,-133.0913
7,73,-132.0103,-133.0301
7,74,-132.0103,-133.1670
7,75,-132.0103,-133.3504
7,76,-132.0103,-133.4624
7,77,-131.9909,-132.9186
7,78,-131.9909,-133.0093
7,79,-131.9909,-133.0659
7,80,-131.9909,-133.3842
7,81,-131.9909,-133.3967
7,82,-131.9909,-133.4676
7,83,-131.9909,-133.3149
7,84,-131.9909,-133.3040
7,85,-131.9909,-133.4517
7,86,-131.9909,-133.3200
7,87,-131.9909,-133.1436
7,88,-131.9909,-133.3897
7,89,-131.9909,-133.2372
7,90,-131.9909,-133.3155
7,91,-131.9909,-132.7051
7,92,-131.9909,-132.7058
7,93,-131.9909,-133.3711
7,94,-131.9909,-133.1658
7,95,-131.9909,-133.0460
7,96,-131.9909,-132.7658
7,97,-131.9909,-133.1219
7,98,-131.9909,-133.1950
7,99,-131.9909,-132.9964
7,100,-131.9909,-133.3402
7,101,-131.9909,-133.2673
7,102,-131.9909,-133.1069
7,103,-131.9909,-133.1440
7,104,-131.9909,-133.1815
7,105,-131.9909,-132.9763
7,106,-131.9909,-133.4080
7,107,-131.9909,-132.9649
7,108,-131.9909,-132.7648
7,109,-131.9909,-133.0809
7,110,-131.9909,-132.6953
7,111,-131.9909,-132.8087
7,112,-131.9909,-132.8952
7,113,-131.9909,-133.0295
7,114,-131.9909,-133.1116
7,115,-131.9656,-133.5505
7,116,-131.9656,-132.8504
7,117,-131.9656,-132.9758
7,118,-131.9656,-133.0386
7,119,-131.9656,-133.1029
7,120,-131.9656,-133.0231
7,121,-131.9656,-133.1458
7,122,-131.9656,-132.7863
7,123,-131.9656,-132.8854
7,124,-131.9656,-132.7279
7,125,-131.9656,-133.2114
7,126,-131.9656,-133.2569
7,127,-131.9656,-132.7970
7,128,-131.9656,-132.8000
7,129,-131.9656,-132.7267
7,130,-131.9656,-133.1192
7,131,-131.9656,-133.3106
7,132,-131.9656,-132.8618
7,133,-131.9656,-132.9676
7,134,-131.9656,-133.1572
7,135,-131.9656,-133.0043
7,136,-131.9656,-133.0236
7,137,-131.9656,-132.8869
7,138,-131.9656,-133.0233
7,139,-131.9656,-133.1687
7,140,-131.9656,-132.9660
7,141,-131.9656,-132.3096
7,142,-131.9656,-132.5536
7,143,-131.9656,-133.3239
7,144,-131.9656,-133.1299
7,145,-131.9656,-133.3376
7,146,-131.9656,-132.9089
7,147,-131.9656,-133.0223
7,148,-131.9656,-132.9836
7,149,-131.9656,-132.7679
7,150,-131.9656,-133.3611
7,151,-131.9656,-133.2667
7,152,-131.9656,-133.0310
7,153,-131.9656,-132.7806
7,154,-131.9656,-132.9584
7,155,-131.9656,-133.1442
7,156,-131.9656,-133.2038
7,157,-131.9656,-132.9864
7,158,-131.9656,-132.9126
7,159,-131.9656,-133.0996
7,160,-131.9656,-133.2690
7,161,-131.9656,-133.0284
7,162,-131.9656,-133.0142
7,163,-131.9656,-132.9342
7,164,-131.9656,-132.8098
7,165,-131.9656,-133.0492
7,166,-131.9656,-132.8294
7,167,-131.9656,-133.2862
7,168,-131.9656,-132.7991
7,169,-131.9656,-133.0475
7,170,-131.9656,-132.8917
7,171,-131.9656,-133.3417
7,172,-131.9656,-133.1746
7,173,-131.9656,-133.2317
7,174,-131.9656,-133.0282
7,175,-131.9656,-132.8578
7,176,-131.9656,-133.0112
7,177,-131.9656,-133.2221
7,178,-131.9656,-133.0749
7,179,-131.9656,-133.1069
7,180,-131.9656,-133.1337
7,181,-131.9656,-132.8337
7,182,-131.9656,-132.9593
7,183,-131.9656,-132.7779
7,184,-131.9656,-133.1413
7,185,-131.9656,-133.2030
7,186,-131.9656,-133.1633
7,187,-131.9656,-133.0750
7,188,-131.9656,-133.0388
7,189,-131.9656,-132.8981
7,190,-131.9656,-133.3932
7,191,-131.9656,-133.0448
7,192,-131.9656,-132.9969
7,193,-131.9656,-133.1500
7,194,-131.9656,-132.6772
7,195,-131.9656,-132.9661
7,196,-131.9644,-132.9805
7,197,-131.9644,-132.7989
7,198,-131.9644,-132.8670
7,199,-131.9644,-133.0861
7,200,-131.9644,-132.9816
7,201,-131.9644,-132.8632
7,202,-131.9644,-132.7503
7,203,-131.9644,-132.6919
7,204,-131.9644,-133.0692
7,205,-131.9644,-132.9272
7,206,-131.9644,-133.2457
7,207,-131.9644,-132.9956
7,208,-131.9644,-133.1773
7,209,-131.9644,-133.0409
7,210,-131.9644,-132.9899
7,211,-131.9644,-133.3957
7,212,-131.9644,-132.8537
7,213,-131.9644,-132.9903
7,214,-131.9644,-133.1951
7,215,-131.9644,-133.0089
7,216,-131.9644,-133.1314
7,217,-131.9644,-133.0736
7,218,-131.9644,-133.2337
7,219,-131.9644,-133.0248
8,0,-133.0688,-35714423.0170
8,1,-132.5309,-134.7946
8,2,-132.4031,-134.2395
8,3,-132.3224,-133.9391
8,4,-132.3224,-133.8646
8,5,-132.3224,-133.6776
8,6,-132.3224,-133.9061
8,7,-132.3224,-133.7832
8,8,-132.3224,-133.5400
8,9,-132.3224,-133.2500
8,10,-132.3224,-133.9210
8,11,-132.2967,-133.4143
8,12,-132.2582,-133.5232
8,13,-132.2582,-133.6609
8,14,-132.1785,-133.0658
8,15,-132.1785,-133.5502
8,16,-132.1742,-133.0366
8,17,-132.1157,-133.1746
8,18,-132.1157,-133.3053
8,19,-132.1136,-133.4175
8,20,-132.0882,-133.2312
8,21,-132.0882,-133.4092
8,22,-132.0882,-133.8179
8,23,-132.0572,-133.3334
8,24,-132.0572,-133.2519
8,25,-132.0572,-132.9277
8,26,-132.0572,-133.2397
8,27,-132.0572,-133.1295
8,28,-132.0572,-133.0593
8,29,-132.0572,-133.2902
8,30,-132.0054,-133.0853
8,31,-132.0054,-132.7083
8,32,-132.0054,-132.9662
8,33,-132.0054,-133.1154
8,34,-132.0054,-132.9185
8,35,-131.9696,-133.1248
8,36,-131.9696,-133.3085
8,37,-131.9696,-132.8609
8,38,-131.9696,-133.1131
8,39,-131.9130,-133.0565
8,40,-131.9130,-133.2356
8,41,-131.9130,-133.0907
8,42,-131.9130,-133.2237
8,43,-131.9130,-133.1393
8,44,-131.9130,-133.3986
8,45,-131.9130,-132.9278
8,46,-131.9130,-132.7305
8,47,-131.9130,-133.4503
8,48,-131.9130,-133.3455
8,49,-131.9130,-132.8697
8,50,-131.9130,-132.9746
8,51,-131.9130,-133.1520
8,52,-131.9130,-132.9284
8,53,-131.9130,-132.6177
8,54,-131.9130,-133.0448
8,55,-131.9130,-133.2414
8,56,-131.9130,-133.0584
8,57,-131.9130,-133.1330
8,58,-131.9130,-132.7161
8,59,-131.9130,-132.8684
8,60,-131.9130,-133.1810
8,61,-131.9130,-133.2285
8,62,-131.9130,-133.2613
8,63,-131.9130,-133.0397
8,64,-131.9130,-133.0892
8,65,-131.9130,-133.3440
8,66,-131.9130,-133.3360
8,67,-131.9130,-133.0108
8,68,-131.9130,-133.0440
8,69,-131.9130,-132.9261
8,70,-131.9130,-133.5547
8,71,-131.9130,-132.8200
8,72,-131.9130,-133.0832
8,73,-131.9130,-132.7441
8,74,-131.9130,-133.3211
8,75,-131.9130,-132.9190
8,76,-131.9130,-133.7440
8,77,-131.8734,-133.2399
8,78,-131.8734,-132.8175
8,79,-131.8734,-133.2239
8,80,-131.8734,-132.6462
8,81,-131.8734,-132.8883
8,82,-131.8734,-132.8281
8,83,-131.8734,-133.2811
8,84,-131.8734,-133.0420
8,85,-131.8734,-133.1624
8,86,-131.8734,-132.5994
8,87,-131.8734,-132.8275
8,88,-131.8734,-132.9377
8,89,-131.8734,-132.7145
8,90,-131.8734,-132.9213
8,91,-131.8734,-132.9954
8,92,-131.8734,-133.2641
8,93,-131.8734,-133.1029
8,94,-131.8734,-132.8314
8,95,-131.8734,-133.2323
8,96,-131.8734,-133.2687
8,97,-131.8734,-133.1929
8,98,-131.8734,-133.1962
8,99,-131.8734,-132.8752
8,100,-131.8734,-132.7330
8,101,-131.8734,-133.1498
8,102,-131.8734,-133.0900
8,103,-131.8734,-133.1329
8,104,-131.8734,-132.8651
8,105,-131.8734,-132.6737
8,106,-131.8734,-132.9739
8,107,-131.8734,-132.7640
8,108,-131.8734,-132.9633
8,109,-131.8734,-132.7550
8,110,-131.8734,-132.9014
8,111,-131.8734,-133.2687
8,112,-131.8734,-133.4961
8,113,-131.8734,-132.9702
8,114,-131.8734,-133.1183
8,115,-131.8734,-132.8135
8,116,-131.8734,-132.6279
8,117,-131.8734,-133.0909
8,118,-131.8734,-133.4036
8,119,-131.8734,-133.1039
8,120,-131.8734,-133.0180
8,121,-131.8734,-133.0050
8,122,-131.8734,-133.0877
8,123,-131.8734,-133.3071
8,124,-131.8734,-133.2278
8,125,-131.8734,-133.3521
8,126,-131.8734,-132.9724
8,127,-131.8734,-132.9538
8,128,-131.8734,-133.2075
8,129,-131.8734,-132.9500
8,130,-131.8734,-132.7165
8,131,-131.8734,-132.9926
8,132,-131.8734,-132.7721
8,133,-131.8734,-132.5662
8,134,-131.8431,-132.7446
8,135,-131.8431,-132.4553
8,136,-131.8431,-133.2149
8,137,-131.8431,-132.8764
8,138,-131.8431,-133.1892
8,139,-131.8431,-133.3006
8,140,-131.8431,-133.2062
8,141,-131.8431,-132.9898
8,142,-131.8431,-132.8009
8,143,-131.8431,-132.8786
8,144,-131.8431,-132.7855
8,145,-131.8431,-132.8128
8,146,-131.8431,-132.8310
8,147,-131.8431,-133.1356
8,148,-131.8431,-132.9626
8,149,-131.8431,-132.8571
8,150,-131.8431,-132.6733
8,151,-131.8431,-132.7385
8,152,-131.8431,-132.9639
8,153,-131.8431,-132.7339
8,154,-131.8431,-132.9913
8,155,-131.8431,-132.8207
8,156,-131.8431,-132.9984
8,157,-131.8431,-132.9864
8,158,-131.8431,-132.9153
8,159,-131.8431,-132.8421
8,160,-131.8431,-133.1796
8,161,-131.8431,-133.3526
8,162,-131.8431,-133.2651
8,163,-131.8431,-132.8581
8,164,-131.8431,-132.9656
8,165,-131.8431,-132.5942
8,166,-131.8431,-132.9131
8,167,-131.8431,-133.1476
8,168,-131.8431,-132.5476
8,169,-131.8431,-133.0719
8,170,-131.8431,-133.3050
8,171,-131.8431,-132.7880
8,172,-131.8431,-133.0677
8,173,-131.8431,-133.1133
8,174,-131.8431,-132.9779
8,175,-131.8431,-132.6474
8,176,-131.8431,-132.8880
8,177,-131.8431,-132.6098
8,178,-131.8431,-132.5133
8,179,-131.8431,-132.8763
8,180,-131.8431,-133.0768
8,181,-131.8431,-132.8500
8,182,-131.8431,-133.0090
8,183,-131.8431,-133.2268
8,184,-131.8431,-132.9004
8,185,-131.8431,-132.9881
8,186,-131.8431,-132.7842
8,187,-131.8431,-133.0773
8,188,-131.8431,-132.8488
8,189,-131.8431,-133.2720
8,190,-131.8431,-132.7646
8,191,-131.8431,-133.4681
8,192,-131.8431,-133.1470
8,193,-131.8431,-132.7165
8,194,-131.8431,-132.9248
8,195,-131.8431,-132.6068
8,196,-131.8431,-133.0760
8,197,-131.8431,-132.8082
8,198,-131.8431,-132.9069
8,199,-131.8431,-132.8548
8,200,-131.8431,-132.9280
8,201,-131.8431,-132.4070
8,202,-131.8431,-133.0293
8,203,-131.8431,-133.4541
8,204,-131.8431,-133.1107
8,205,-131.8431,-132.7491
8,206,-131.8431,-133.2258
8,207,-131.8431,-132.5760
8,208,-131.8431,-132.9150
8,209,-131.8431,-132.7915
8,210,-131.8431,-133.0777
8,211,-131.8431,-133.0976
8,212,-131.8431,-133.0529
8,213,-131.8431,-132.5049
8,214,-131.8431,-132.5451
8,215,-131.8431,-133.1966
8,216,-131.8431,-133.1871
8,217,-131.8431,-133.0333
8,218,-131.8431,-132.9795
8,219,-131.8431,-132.9778
9,0,-133.7808,-71428702.7413
9,1,-132.7079,-134.8228
9,2,-132.3816,-133.8947
9,3,-132.3816,-133.7193
9,4,-132.3555,-133.4178
9,5,-132.3202,-133.3076
9,6,-132.3202,-133.1992
9,7,-132.3202,-133.8535
9,8,-132.3202,-133.1574
9,9,-132.3202,-133.7190
9,10,-132.3143,-133.3415
9,11,-132.3143,-133.5920
9,12,-132.2884,-133.3081
9,13,-132.2582,-133.4917
9,14,-132.2582,-133.3995
9,15,-132.2494,-133.6973
9,16,-132.2271,-132.9862
9,17,-132.2271,-132.9859
9,18,-132.2271,-133.6348
9,19,-132.1317,-133.3198
9,20,-132.1317,-133.6565
9,21,-132.1317,-133.1053
9,22,-132.0993,-133.1331
9,23,-132.0993,-133.3262
9,24,-132.0993,-133.0949
9,25,-132.0629,-133.0297
9,26,-132.0629,-132.8476
9,27,-132.0629,-133.2644
9,28,-132.0629,-133.2566
9,29,-132.0629,-132.8094
9,30,-132.0629,-133.4488
9,31,-132.0629,-133.3967
9,32,-132.0629,-133.2213
9,33,-132.0629,-132.8746
9,34,-132.0629,-133.0038
9,35,-132.0629,-133.2836
9,36,-132.0629,-133.3299
9,37,-132.0629,-133.3796
9,38,-132.0629,-132.9562
9,39,-132.0629,-133.1901
9,40,-132.0629,-133.5982
9,41,-132.0629,-133.2854
9,42,-132.0629,-133.0367
9,43,-132.0284,-132.9998
9,44,-132.0284,-132.9786
9,45,-132.0284,-133.5090
9,46,-132.0284,-133.0585
9,47,-132.0284,-132.6933
9,48,-132.0028,-133.3285
9,49,-132.0028,-132.9272
9,50,-132.0028,-133.0190
9,51,-132.0028,-133.3631
9,52,-132.0028,-132.6625
9,53,-132.0028,-133.1356
9,54,-132.0028,-133.0140
9,55,-132.0028,-133.0509
9,56,-132.0028,-133.2971
9,57,-132.0028,-132.9927
9,58,-132.0028,-133.2586
9,59,-132.0028,-132.9978
9,60,-132.0028,-133.1728
9,61,-132.0028,-132.9754
9,62,-132.0028,-133.1002
9,63,-131.9980,-133.0889
9,64,-131.9321,-132.7860
9,65,-131.9321,-132.9487
9,66,-131.9321,-133.1337
9,67,-131.9321,-133.0157
9,68,-131.9321,-133.3324
9,69,-131.9321,-133.1552
9,70,-131.9321,-132.9191
9,71,-131.9321,-133.0015
9,72,-131.9321,-132.9312
9,73,-131.9321,-133.0483
9,74,-131.9321,-133.1967
9,75,-131.9321,-133.2630
9,76,-131.9321,-133.1515
9,77,-131.9321,-132.9364
9,78,-131.9321,-133.1706
9,79,-131.9321,-133.3461
9,80,-131.9321,-132.9031
9,81,-131.9321,-133.2766
9,82,-131.9321,-133.1847
9,83,-131.9321,-133.3005
9,84,-131.9321,-132.8961
9,85,-131.9321,-133.3330
9,86,-131.9321,-133.3129
9,87,-131.9321,-133.3950
9,88,-131.9321,-133.1786
9,89,-131.9321,-132.9180
9,90,-131.9321,-133.1643
9,91,-131.9321,-133.0340
9,92,-131.9321,-133.2070
9,93,-131.9321,-133.1746
9,94,-131.9321,-133.5236
9,95,-131.9321,-133.0867
9,96,-131.9321,-133.1866
9,97,-131.9321,-133.3769
9,98,-131.9321,-133.1377
9,99,-131.9321,-133.1887
9,100,-131.9321,-133.2222
9,101,-131.9321,-133.2562
9,102,-131.9318,-133.4238
9,103,-131.9318,-133.1460
9,104,-131.9318,-132.9894
9,105,-131.9318,-133.4087
9,106,-131.9318,-133.2434
9,107,-131.9318,-132.6302
9,108,-131.9318,-133.2974
9,109,-131.9318,-133.2740
9,110,-131.9318,-133.2119
9,111,-131.9318,-132.8047
9,112,-131.9318,-132.9340
9,113,-131.9318,-133.3152
9,114,-131.9318,-133.4896
9,115,-131.9318,-132.9839
9,116,-131.9318,-132.9693
9,117,-131.9318,-132.9061
9,118,-131.9318,-133.1409
9,119,-131.9318,-133.0087
9,120,-131.9318,-133.1145
9,121,-131.9318,-132.9912
9,122,-131.9318,-133.2514
9,123,-131.9318,-132.7726
9,124,-131.9318,-133.1778
9,125,-131.9312,-133.4268
9,126,-131.9312,-133.3229
9,127,-131.9312,-133.0651
9,128,-131.9312,-133.0262
9,129,-131.9312,-132.5482
9,130,-131.9312,-132.8489
9,131,-131.9312,-132.7702
9,132,-131.9312,-133.2055
9,133,-131.9312,-133.3054
9,134,-131.9312,-132.9043
9,135,-131.9312,-132.9039
9,136,-131.9312,-133.2563
9,137,-131.9312,-133.2478
9,138,-131.9312,-133.1921
9,139,-131.9312,-133.0843
9,140,-131.9312,-133.3337
9,141,-131.9312,-133.1392
9,142,-131.9312,-133.0524
9,143,-131.9312,-132.8753
9,144,-131.9312,-133.0586
9,145,-131.9312,-132.9375
9,146,-131.9312,-133.4660
9,147,-131.9312,-133.1806
9,148,-131.9312,-132.7861
9,149,-131.9312,-133.0918
9,150,-131.9312,-132.8027
9,151,-131.9312,-133.1144
9,152,-131.9312,-133.1398
9,153,-131.9312,-132.8037
9,154,-131.9312,-132.8800
9,155,-131.9312,-133.1666
9,156,-131.9312,-133.3463
9,157,-131.9312,-133.0462
9,158,-131.9312,-133.1416
9,159,-131.9312,-133.5827
9,160,-131.9312,-133.6383
9,161,-131.9312,-133.2445
9,162,-131.9247,-133.0109
9,163,-131.9247,-133.0808
9,164,-131.9247,-132.9165
9,165,-131.9200,-132.7233
9,166,-131.9200,-132.7480
9,167,-131.9200,-133.0121
9,168,-131.9200,-132.7090
9,169,-131.9200,-132.9399
9,170,-131.9200,-133.1434
9,171,-131.9200,-132.8739
9,172,-131.9200,-132.7768
9,173,-131.9200,-132.8396
9,174,-131.9200,-133.1305
9,175,-131.9200,-133.1212
9,176,-131.9200,-133.2892
9,177,-131.9200,-133.0452
9,178,-131.9200,-133.3355
9,179,-131.9200,-133.2872
9,180,-131.9200,-133.2330
9,181,-131.9200,-133.3188
9,182,-131.9200,-133.4804
9,183,-131.9200,-133.1535
9,184,-131.9200,-132.6936
9,185,-131.9200,-133.0528
9,186,-131.9200,-133.0337
9,187,-131.9200,-133.0679
9,188,-131.9200,-132.8358
9,189,-131.9198,-133.2475
9,190,-131.9198,-133.5365
9,191,-131.9198,-132.9627
9,192,-131.9198,-133.1121
9,193,-131.9198,-133.2507
9,194,-131.9198,-133.2427
9,195,-131.9198,-132.9591
9,196,-131.9167,-132.7327
9,197,-131.9167,-133.2197
9,198,-131.9167,-133.5782
9,199,-131.9167,-133.0143
9,200,-131.9167,-132.7175
9,201,-131.9167,-133.3455
9,202,-131.9167,-133.3626
9,203,-131.9167,-133.0736
9,204,-131.9167,-133.0546
9,205,-131.9167,-133.3402
9,206,-131.9167,-132.6803
9,207,-131.9167,-132.9688
9,208,-131.9167,-133.1100
9,209,-131.9167,-132.8819
9,210,-131.9161,-133.0701
9,211,-131.9161,-133.3162
9,212,-131.9161,-133.2768
9,213,-131.9161,-133.5696
9,214,-131.9161,-132.9879
9,215,-131.9161,-133.1234
9,216,-131.9145,-133.0753
9,217,-131.9145,-133.1603
9,218,-131.9145,-133.2179
9,219,-131.9145,-133.1236
